Epochs,Accuracy
0,0.0557
0,0.08964
1,0.03588
1,0.0791
2,0.02628
2,0.07054
3,0.0268
3,0.06224
4,0.021
4,0.06168
5,0.02144
5,0.05152
6,0.01986
6,0.05252
7,0.01804
7,0.04388
8,0.01566
8,0.04004
9,0.01702
9,0.04794
10,0.0165
10,0.04042
11,0.01346
11,0.04068
12,0.01288
12,0.04296
13,0.01106
13,0.03766
14,0.01092
14,0.04014
15,0.01218
15,0.03612
16,0.01042
16,0.0325
17,0.01014
17,0.03326
18,0.00956
18,0.03112
19,0.00912
19,0.0318
