Epochs,Accuracy
0,0.20152
0,0.25014
1,0.17918
1,0.22682
