Epochs,Accuracy
0,0.17484
0,0.22338
1,0.1237
1,0.17556
2,0.10378
2,0.1541
3,0.0832
3,0.1278
4,0.06754
4,0.11636
5,0.0615
5,0.11512
6,0.05064
6,0.10306
7,0.04678
7,0.10138
8,0.0387
8,0.0821
9,0.03886
9,0.09206
10,0.0326
10,0.08046
11,0.0328
11,0.07896
12,0.0314
12,0.07546
13,0.0289
13,0.07688
14,0.02836
14,0.0689
15,0.0283
15,0.07564
16,0.02868
16,0.07256
17,0.02758
17,0.0711
18,0.0266
18,0.0719
19,0.02512
19,0.06814
