Epochs,Loss
0,0.855105996131897
1,0.7959275245666504
2,0.7897418141365051
3,0.7504624724388123
4,0.7523420453071594
5,0.7098652720451355
6,0.7155690789222717
7,0.6821845173835754
8,0.6748185753822327
9,0.669627845287323
10,0.7022001147270203
11,0.6964078545570374
12,0.7166258096694946
13,0.6853067278862
14,0.7074029445648193
15,0.67181795835495
16,0.696837306022644
17,0.6735386848449707
18,0.7055947184562683
19,0.6832050681114197
