Epochs,Loss
0,0.9479466676712036
1,0.9606207013130188
